Pacto De Manutenção	
Logs de API	
APS Pedido	
ATC Produção	
ATC de Aprovação de Produção	
APS	
ATC Libertação©ração	
ATC Libertação©ração Aprovação	
Consultores AccrÃ©ditÃ©s	
AccrÃ©ditÃ© Conselhos de Aprovação	
Adicionar PrivilÃge	
AccrÃ©ditÃ© Pelos Diretores De Ã‰cole	
Adhoc Aprovação	
As Idades ge	O Relatório De Análise De
Configuração De Alerta De	
Todos Os Empréstimos Relatório De Negócios	
Admin	
Aniversário	
Aplicação	
Log De Erro Do Aplicativo	
Exame Do Pedido De Investigação	
Exame Do pedido RejetÃ©e	
Via De Aplicação	
Ã‰avaliação Da Piscina	
Ã©avaliação	
A Aprovação Da Fiscalização	
Aprovação	
A Aprovação Do Programa De Instalação	
Fluxo De Trabalho De Aprovação	
Aprovação Trilha	
Aprovado Empregador	
Aprovado© FTS Mercados	
Projeto Aprovado Relatório De	
Aprovações	
Lista de todos os não atribuídos	
A Trilha De Auditoria	
Permitiu-Signatários	
Utilização	
O Uso Do Itinerário©itinerário	
A lista negra	
Obrigações E Garantias	
RÃ©conservação	
Obrigações e Garantias	
RÃ©conservação De VÃ©esclarecimento	
RÃ©conservação de Relatório	
A Direção da CMP	
Massa De Liquidação	
Massa DÃ©dinheiro	
Massa Pronta Para Reembolso AnticipÃ©	
Massa Pedido de DÃ©dinheiro	
REPUBLICANO de recuperação©ração Massa de Atribuição de	
Massa Pronta Para Reembolso AnticipÃ© Inversão	
REPUBLICANO de recuperação©ração Por Massa Unassignment	
Massa DÃ©cauda De RÃ©recuperação©ração de Alocação de	
CASA de Investigação	
CP/FX Pronto para reembolso anticipÃ©	
Limite De Chamada	
Chamada de MÃ©jac	
Ramo	
Chamada de MÃ©mo de Aprovação de	
Cancelar Ativos Contingentes	
A Captura dos CRMS Código	
La LÃ©gende De DÃ©cauda (Grupo)	
De TrÃ©sorerie Créditos Collaterized	
De TrÃ©sorerie Mise Ã€ Dia Da segurança	
De TrÃ©sorerie Mise Ã€ Dia De Pesquisas de segurança	
O Reembolso De Garantia Das Obrigações	
A Captura De Recuperações	
CashBacked Facilidade Para o OD E Pronto Relatório	
Cbn Npl Relatório Da equipe De	
Lista De VÃ©esclarecimento De La DÃ©acabamento	
Cidade	
Gráfico de Conta	
Classe	
Garantia	
Garantia De Atribuição De	
Garantia Porque Da Visitação	
Informações Sobre Garantia	
Garantia Apólice De Seguro	
Informações Sobre A Garantia De Imprensa	
Informações sobre garantia Libertação©ração	
Garantia De Seguro Aplicativo	
Indenização De Seguro De Investigação	
Garantia De Perfeição	
Garantia de Perfeição Ainda para Começar	
Garantia Registar	
Gestão De Garantias	
Garantia De Imprensa	
Garantia De Imprensa Solicitação De Emprego	
Garantia De La RÃ©Ã©avaliação	
Relatórios CollatÃ©raux	
Garantia Para Venda	
Garantia De Permuta	
Garantia De Permuta De Pesquisa	
O Ã‰avaliação Da Garantia	
O Ã‰avaliação Do nível de Aprovação	
Coleção De Configuração Do Cron	
O Ã‰avaliação da Garantia De Investigação	
Pronto Transações De Negócios	
Os Empréstimos Comerciais	
Comissão Externa	
Secretário©secretariado Do Comité De	
Sociedade	
Comissão Interna	
Complementar©tÃ© La Documentação Du CrÃ©dit	
A Respeito Da Linha Do Tempo	
Cheio De Pronto Confirmação	
O Cálculo Agentes Externos	
Cálculo Interno Agentes	
Proteção Ao Consumidor	
Ã‰possível A Responsabilidade Do Relatório Principal	
Ã‰possível Relatório	
Confirme As Garantias De Pesquisa	
Ã‰possível A Responsabilidade Do Relatório de Relatório Main1	
Relatório Sobre O Passivo Ã‰possível	
Quota Do Aplicativo De Pesquisa	
Contingentes Do Ã‰avaliação De Operações	
Contingente De Transações	
Passivos Ã‰possível	
Relatório De Cotas	
O Contingente De Libertação©ração Aprovação	
Converter Perspectiva Do Cliente	
Cópia Do Risco do Ativo de acordo com as IFRS Classificação	
Cópia Do Risco Do Ativo Primário	
Pronto Relatório De Negócios	
CrÃ©dit	
Alianças	
O Contingente De Libertação©ração	
CrÃ©dit Admin	
Solicitação de Crédito De Ã‰tat	
Aplicações De Crédito	
Analista De Crédito	Relatório
Gabinete Do Crédito	
Classificação De Crédito	
Gabinete Do Crédito De Ã‰tat	
Convênio Tipos De	
A Documentação para o Crédito	
Monitoramento De Crédito	
Gestão De Crédito	
O Agente De Crédito Classificação de Risco	
De Ã‰avaliação De CrÃ©dit	
As Transações De Crédito	
CrÃ©dit Montagem	
Vendas A Crédito	
BarÃme De Crédito	
Créditos	
Muito Personalizado© Visor	
Gráficos personalizados© Conta	
Personalizado© A Facilidade De Pagamento	
Cliente	
Grupo De Clientes	
Os Clientes De Mapeamento De Grupo	
Grupos De Clientes	
Gestão De Clientes	
Perfil Da Clientela	
Diário de Acumulação De interesses	
Dashboard	
Os Dados De Arquivo	
Os termos e Condições padrão	
Transação ENLACES Da Dinâmica	
Deferals	
Relatório Da Extensão Da Homologação	
Relatório De Gestão	
Adiamento/Dispensa De Aprovações	
Relatórios	
Relatório Do PAC	
ReportÃ© A Aprovação De Um Documento	
DEFINIÇÃO	
Excluído Do Jornal Pessoal	
Contas Atrasadas	
Departamento	
DÃ©cauda	
Pronto DÃ©caissÃ©s	
DÃ©dinheiro	
A DEFINIÇÃO De Documento	
Depósito De Documentos	
Trabalho De Pesquisa	
Modelo De Documento	
Documento TÃ©lÃ©o carregador Do Programa de Instalação	
A Documentação De Enchimento De Aprovação	
No Sono, O Pessoal Do Jornal	
Desenhar O Status Do Pedido	
Desenhar A Pedido	
Desenho De Aprovação	
EOD Processo	
ESG Lista de vÃ©esclarecimento de la DÃ©acabamento	
Alerta De E-Mail	
Empregador Em Matéria De Relatório	
Pronto Para Excepcionais	
Pronto Para Pesquisas De Destaque	
O Recorrente Relatório	
Avaliação Expirou© Cobertura De Seguro	
Avaliação Expirou© Cotas	
Avaliação expirou© FTS	
Avaliação expirou© relatório	
Avaliação expirou© DÃ©disfarce	
Avaliação Expirou© Relatório	
A Extensão De Relatório	
FINCON Admin	
FS LÃ©gende	
FS LÃ©gende-Grupo	
FS DÃ©derivados© DÃ©caudas	
FS-Relatório de LÃ©gende	
FX de Configuração de Conta	
FX-Renováveis Para Operações de Empréstimos	
Instalação DÃ©caudas Resumo	
Facilidade De Aplicação Para Um Emprego	
Informações De Instalação Online	
Facilidade De Modificação De Aprovação	
Custos De Mudança	
Taxas e Custos de Instalação	
Custos/Taxas	
Taxas/Tarifas De Concessão	
Custos/Taxas	
Financeira De La LÃ©gende (O Cliente)	
Finanças	
Depósito Garante	
Form300b-Instalações	
Completo e Regulamentos DÃ©finitif & DÃ©rogations	
A plena E Final Completo da radiação	
GÃ©nÃ©rer Da Carta De Oferta	
Global Mudanças Na Taxa De juros	
Global Mudanças Na Taxa De juros de Aprovação	
Grupo	
As Atividades Do Grupo	
Pronto Verde Identificador DEFINIÇÃO	
Grupos	
Grupo Tipo De Relação	
IFRS Relatório de classificação da equipe de	
ELE Admin	
Truncado©ração A Lista De Relatório de Monitoramento	
O Padrão As Configurações De Tempo Limite Para A Venda De Ativos	
Nos Ativos e Passivos Ã‰possível	
Índice de	
Iniciou© Relacionados€ Pronto	
Seguro De Relatório	
Seguro Instalação	
A Renda Dos interesses Relatório	
Gerenciamento De Emprego Do Centro D'	
Procura De Trabalho	
Trabalho de aplicação Do REPUBLICANO troaction	
Ã‰tat Da Demanda por Trabalho	
Tipo De Trabalho De Admin	
À procura de trabalho no Relatório de	
LC Cancelamento	
LC melhoria	
LC Ã‰missão	
LC Ã‰missão de Aprovação	
LC Ã‰missão Extensão	
LC LMS Pesquisa	
LC Pesquisa	
De Crédito Relatório De Monitoramento	
LC Comercial de Aprovação	
LC Ussance	
LMS MRC do REPUBLICANO regras	
LC Ussance Extensão	
LOS MRC do REPUBLICANO regras	
LMS Facilidade de Modificação da Aprovação	
Grande Exposição relatório	
Lc Cancelamento De Aprovação	
Lc melhoria De Aprovação	
Lc Ã‰missão Da Extensão Da Homologação	
Lc Ussance A Extensão Da Homologação	
Reserve O Tipo De Conta	
Carta De GÃ©nÃ©ração Acabados e	
Carta De GÃ©nÃ©ração Demanda	
Carta De GÃ©nÃ©ração do pedido De Aprovação	
Letra GÃ©nÃ©ração de Pesquisa	
Carta De Crédito	
Carta De Aprovações De Crédito	
Nível	
PrivilÃge	
PrivilÃge De Gestão	
Limite De Manutenção	
De Transações On-Line	
As Recuperações De Litígio	
Lista De Ã©críticos de Pronto	
Aplicação De Pronto Cancelamento	
Classificação De Empréstimos	
Classificação De Empréstimos Relatório De	
Pronto Ajustamento Dos Direitos	
As Comissões Sobre Empréstimos, Concessões	
Pronto BarÃme Taxa De	
Pronto Para Reembolso AnticipÃ©	
Pronto Para Reembolso AnticipÃ© Inversão	
Recuperação De Créditos De Pagamento	
O Reembolso De Pronto	
Registros De Telefone© Pronto	
Pronto o Relatório de status	
Pronto Para o REPUBLICANO rescisão	
Local Gov	
Localização	
Ã‰tat Registo	
MAPA	
Principal	
Manutenção	
Manual De Arquivamento De Dados	
Manual De Carga	
Manual De Aprovação De Despesas	
O MaturitÃ© Instrução	
A Middle Office	
O MaturitÃ© Relatório	
Modificar Instalações	
Monitoramento	
Meu Alocados© Recuperações	
Vários De DÃ©dinheiro	
NPL	
Itinerário©itinerário	
Operação©racional do Fluxo Da Página	
A Aprovação Do Documento Original	
Documento Original De Pesquisa	
Original do Documento De apresentação	
De Litígios Fora Dos Tribunais	
A Operação©ração DÃ©disfarce	
Substituir	
Realce Um Relatório	
Substitua O Pedido De	
De Pronto, Com Salário De Alocação De	
Mais Tarde© Transação	
Alimentação BI	
Ã‰avaliação Nota preliminar	
Ã‰avaliação preliminar Notas	
O Índice De Preços Ã€	
O reembolso anticipÃ©	
Processo	
Produto	
Produto Documento De Mapeamento	
Perfil De Atividade	
As Configurações De Perfil	
Os Critérios De Projeto	
O Site Do Projeto Relatório De	
Site Do Projeto	A Aprovação Do Relatório
RAC	
Prudencial Diretrizes	
Taxa De Avaliação	
Reasigned Contas	
REPUBLICANO atribuir Conta	
REPUBLICANO de recuperação©ração	
Agências De Cobrança	
Agente REPUBLICANO de recuperação©ração de Desempenho	
O REPUBLICANO recuperação©ração Do Agente Ã€ Dia	
REPUBLICANO de recuperação©ração de Alocação de	
REPUBLICANO de recuperação©ração Coleções Relatório	
Comissão De REPUBLICANO de recuperação©ração	
As Transações De REPUBLICANO de recuperação©ração	
REPUBLICANO de recuperação©ração do Plano de Pagamento	
REPUBLICANO de recuperação©ração de Relatórios	
Documento De RÃ©fÃ©reúne	
Atualizar A Implementação Da Presença De Vigilância	
RÃ©gion	
O republicano regras	
O REPUBLICANO regras De Instalação	
Aplicações RejetÃ©es	
Empregador	
Processos Relacionados A€ Documentação	
Comunicada Ao PrivilÃge	
Versão PrivilÃge Aprovação	
Versão Do Documento de Envio	
O MainlevÃ©e Do Envio De Aprovação De Documentos	
Socorro	
Catch-Up Relatórios De Ativos	
Catch-Up Coleções	
O Calendário De Pagamento	
O Calendário De Pagamento Da Simulação	
Relatório De Captação Interna	
Relatórios	
DÃ©cauda Da Coleção De Relatórios	
Coleções Na Loja	
DÃ©cauda De RÃ©recuperação©ração Unassignment	
A Revalidação Do Total E Regulamentos Final	
Uma Análise Da Carta De Oferta	
Risco	
O Ã‰avaliação de Risco	
O risco do Ativo de acordo com as IFRS Relatório de Classificação	
O Risco De Um Ativo Por Npl Classificação	
O Risco Do Ativo Pela Ã‰carrinho	
Active Risco Calc Relatório Aparelho©	
Active risco Calc Relatório de experiência Combinada Da equipe	
O Risco De O Relatório De Ativos Aparelho©	
O Risco Do Ativo Ã‰possível Relatório Principal	
O Risco De RA©partição Ativa	Pelo Relatório Do Sector
O Risco De O Activo Principal Do Relatório	
Active Risco Primário Report_1	
O Risco De O Relatório de Ativos Da equipe De	
Os Ativos Em Risco Relatório	
Rolamento	
Encaminhamento	
A regra de	
Runining Pronto Relatório	
A execução De Instalações	
SLA de Monitoramento	
Sanção Limite Do Relatório	
©Fã vista FCY de Crédito	
Classificação	
Sector Limite	
Mise Ã€ Dia Da segurança	
Mise Ã€ Dia Da Aprovação da segurança	
Mise Ã€ Dia De Pesquisas de segurança	
Auto Liquidação Pronta	
O programa de instalação	
Gestão De Assinatura	
O Pessoal Da Mudança De PrivilÃges	
O Pessoal Do Perfil De Atividades Da Função De	
O Pessoal De Emergência Aprovação	
A Equipe De Função Do Perfil Do Grupo	
Equipa/Supervisor De Relatórios	
O Pessoal Do Usuário Administrador	
Conjunto laço© Ã€ Perfeição Para CollatÃ©raux	
DÃ©parte de Aplicação De Crédito	
Ã‰tat	
Sub-Tipos	
O Sub-Alocação	
A apresentação do Documento Original	
Sistema De Trilha De Auditoria	
O imposto	
TÃ©nem Da Extensão	
Pronto Para€ Prazo - Transacções De	
Folha	
Relatório Balancete	
Tipo	
O Volume De Negócios Pacto	
Tipos de	
Prêmios não ganhos e Receber interesses Relatório	
ImpayÃ©Obrigação De Relatório	
Unidade	
Não Utilizados Para A Facilidade De Relatório	
Mise Ã€ Dia A Partir Da Perspectiva Da Informação	
Utilizador	
Gerenciamento De Conta De Usuário	
O estado da Conta De Usuário	
O Usuário Admin	
O Usuário Apagá	
O Papel Do Usuário	
O Grupo De Usuário De Alterar	
Usuários	
Válido CollatÃ©raux	
Vista Do Ã‰tats Financeira	
Ver A Lista De VÃ©esclarecimento	
A dÃ©rogations	
Relatório semanal do REPUBLICANO recuperação©ração FINCON	
Fluxo de trabalho	
Alteração Do Fluxo De Trabalho	
DEFINIÇÃO De Fluxo de trabalho	
Fluxo De Trabalho De Aprovação Do Grupo	
Fluxo De Trabalho De Aprovação De Nível	
Nível De Fluxo De Trabalho Do Pessoal	
Fluxo de trabalho de SLA	
Write-off de Contas / Preto-Livro	
Write-off de Contas/Preto-Livro	
_LABEL_	