ميثاق صيانة	
API سجلات	
APS طلب	
ATC الإنتاج	
ATC موافقة إنتاج	
APS	
ATC التحرير©التموينية	
ATC التحرير©التموينية الموافقة	
مستشار AccrÃ©ditÃ©s	
AccrÃ©ditÃ© المحامي الموافقة	
إضافة PrivilÃge	
AccrÃ©ditÃ© من قبل إدارة Ã‰كول	
مخصصا الموافقة	
العصور قه	تقرير التحليل
تنبيه الإعداد	
جميع القروض التجارية التقرير	
المشرف	
عيد ميلاد	
التطبيق	
التطبيق سجل خطأ	
دراسة تطبيق البحوث	
فحص الطلب RejetÃ©e	
الطريق من التطبيق	
Ã‰تقييم المسبح	
Ã©تقييم	
موافقة الإشراف	
الموافقة	
الموافقة على برنامج التثبيت	
سير عمل الموافقة	
الموافقة على درب	
وافق صاحب العمل	
وافق© FTS الأسواق	
المشاريع المعتمدة موقع التقرير	
الموافقات	
قائمة كافة غير المعينة	
عملية المراجعة	
يسمح الموقعة	
استخدام	
استخدام خط سير©الرحلة	
القائمة السوداء	
الالتزامات والضمانات	
RÃ©servation	
الالتزامات والضمانات	
RÃ©servation دي VÃ©rification	
RÃ©servation التقرير	
اتجاه القروض المتعثرة	
الأكبر التصفية	
الأكبر DÃƑÂ©النقدية	
الأكبر على استعداد رد AnticipÃ©	
معظم الطلب دا©النقدية	
الجمهوري الانتعاش©التموينية كتلة مهمة	
الأكبر على استعداد رد AnticipÃ© انعكاس	
الجمهوري الانتعاش©التموينية من قبل كتلة Unassignment	
الأكبر DÃƑÂ©ذيل دي RÃ©الانتعاش©التموينية تخصيص	
CASA البحث	
CP/FX استعداد رد anticipÃ©	
حد دعوة	
دعوة MA©مو	
فرع	
دعوة MA©مو موافقة	
إلغاء النشطة الحصص	
القبض على CRMS رمز	
La LÃ©نوع الجنس دي دا©الذيل (مجموعة)	
من TrÃ©sorerie الاعتمادات Collaterized	
من TrÃ©sorerie Mise Ã€ يوم من السلامة	
من TrÃ©sorerie Mise Ã€ يوم من بحوث السلامة	
ضمان استرداد النقود من التزامات	
القبض على التعافي	
CashBacked سهولة التطوير التنظيمي و تقرير جاهز	
Cbn القروض المتعثرة تقرير فريق	
قائمة VÃ©rification De La DÃƑÂ©النهاية	
المدينة	
الرسم البياني من الحساب	
الدرجة	
الضمان	
ضمانات مهمة	
الضمان بسبب الزيارة	
معلومات الضمان	
ضمان بوليصة التأمين	
معلومات الضمان الصحافة	
الضمان معلومات التحرير©التموينية	
ضمان تطبيق التأمين	
تعويض التأمين البحوث	
ضمان الكمال	
ضمان من الكمال لم تبدأ بعد	
ضمان تسجيل	
إدارة الضمانات.	
الضمان الصحافة	
ضمان اضغط طلب الوظيفة	
الضمان من La RÃ©Ã©تقييم	
تقارير CollatÃ©raux	
الضمان للبيع	
الضمان مبادلة	
الضمان مبادلة البحث	
فإن Ã‰تقييم ضمان	
فإن Ã‰تقييم مضمون الموافقة	
مجموعة من التكوين كرون	
فإن Ã‰تقييم ضمان البحوث	
استعداد المعاملات التجارية	
القروض التجارية	
الخارجية لجنة	
الأمين©الأمانة العامة للجنة	
المجتمع	
لجنة الداخلية	
التكميلية©tÃ© La الوثائق دو CrÃ©dit	
احترام الجدول الزمني	
مليئة جاهزة تأكيد	
حساب العوامل الخارجية	
الداخلية حساب وكلاء	
حماية المستهلك	
Ã‰ممكن مسؤولية التقرير الرئيسي	
Ã‰ممكن تقرير	
تأكيد الضمانات البحث	
Ã‰ممكن مسؤولية تقرير Main1 التقرير	
تقرير عن الخصوم Ã‰ممكن	
الحصص تطبيق البحث	
الوحدات من Ã‰تقييم المعاملات	
وحدة من المعاملات	
الخصوم Ã‰ممكن	
الحصص التقرير	
الوحدات تحرير©التموينية الموافقة	
تحويل احتمال العملاء	
نسخة من مخاطر الأصول من قبل المعايير الدولية لتصنيف	
نسخة من خطر الأولية الفعالة	
الأعمال على استعداد التقرير	
CrÃ©dit	
التحالفات	
الوحدات تحرير©التموينية	
CrÃ©dit المشرف	
طلب الائتمان من Ã‰تات	
طلبات الائتمان	
محلل الائتمان ،	تقرير
مكتب الائتمان	
تصنيف الائتمان	
مكتب الائتمان من Ã‰تات	
العهد أنواع	
وثائق الائتمان	
رصد الائتمان	
إدارة الائتمان	
وكيل تصنيف مخاطر الائتمان	
من Ã‰التقييم دي CrÃ©dit	
معاملات الائتمان	
CrÃ©dit تصاعد	
مبيعات الائتمان	
BarÃme الائتمان	
الاعتمادات	
الكثير مخصص© العرض	
الرسومات مخصص© حساب	
مخصص© سهولة السداد	
العميل	
مجموعة من العملاء	
للعملاء من مجموعة الخرائط	
مجموعات العملاء	
إدارة العملاء	
تعريف الزبائن	
تراكم اليومي من المصالح	
لوحة القيادة	
البيانات من الأرشيف	
الشروط والأحكام بشكل افتراضي	
الصفقة من الارتباطات الديناميكية	
Deferals	
تقرير تمديد الموافقة	
تقرير الإدارة	
تأجيل/تنازل الموافقات	
التقارير	
تقرير باك	
ReportÃ© الموافقة على الوثيقة	
تعريف	
حذف العاملين في الصحيفة	
الحسابات المتأخرة	
قسم	
دا©الذيل	
استعداد DÃƑÂ©caissÃ©s	
دا©النقدية	
تعريف الوثيقة	
إيداع الوثائق	
ورقة بحثية	
نموذج من الوثيقة	
الوثيقة TÃ©lÃ©شاحن برنامج التثبيت	
الوثائق ملء الموافقة	
في النوم ، وموظفي الصحيفة	
رسم حالة الطلب	
رسم طلب	
الرسم الموافقة	
عملية التخلص من الذخائر المتفجرة	
ESG قائمة vÃ©rification de la DÃƑÂ©النهاية	
تنبيه عبر البريد الإلكتروني	
صاحب العمل في مسائل التقرير	
مستعد استثنائية	
مستعد البحثية المتميزة	
التقارير المتكررة	
تقييم انتهت© تغطية التأمين	
تقييم انتهت© الحصص	
تقييم انتهت© FTS	
تقييم انتهت© التقرير	
تقييم انتهت© دا©ستار	
تقييم انتهت© التقرير	
تمديد التقرير	
FINCON المشرف	
FS LÃ©نوع الجنس	
FS LÃ©نوع الجنس-المجموعة	
خ دا©المشتقات© دا©ذيول	
FS-تقرير LÃ©نوع الجنس	
FX إعداد الحساب	
FX-المتجددة إلى معاملات القروض	
تركيب DÃƑÂ©ذيول ملخص	
سهولة التطبيق للحصول على وظيفة	
معلومات التثبيت على الانترنت	
سهولة التعديل على موافقة	
تكاليف التغيير	
رسوم وتكاليف التركيب	
التكاليف/رسوم	
الرسوم/معدلات الامتياز	
التكاليف/رسوم	
المالية De La LÃ©نوع الجنس (العميل)	
المالية	
إيداع يؤمن	
Form300b-مرافق الفندق	
كامل واللوائح DÃƑÂ©finitif & DÃƑÂ©rogations	
الكامل النهائي من الإشعاع	
GÃ©nÃ©rer خطاب العرض	
التغير العالمي في سعر الفائدة	
التغير العالمي في سعر الفائدة الموافقة	
المجموعة	
أنشطة الفريق	
استعداد الأخضر معرف تعريف	
المجموعات	
المجموعة نوع من العلاقة	
المعايير الدولية في تصنيف تقرير فريق	
المشرف	
اقتطاع©التموينية قائمة رصد التقرير	
الافتراضي إعدادات مهلة لبيع الأصول	
في الموجودات والمطلوبات Ã‰ممكن	
مؤشر	
بدأت© المتعلقة يورو جاهزة	
تقرير التأمين	
التأمين الإعداد	
دخل مصالح التقرير	
العمالة إدارة المركز د'	
الطلب على اليد العاملة	
تطبيق عمل الجمهوري troaction	
Ã‰تات من الطلب على العمالة	
نوع الوظيفة الادارية	
الطلب على اليد العاملة التقرير	
LC إلغاء	
LC تحسين	
LK Ã‰البعثة	
LK Ã‰الموافقة على البعثة	
LK Ã‰تمديد البعثة	
LC LMS البحث	
LC البحث	
رصد تقرير الائتمان	
LC التجارية الموافقة	
LC Ussance	
LMS MRC الجمهوري القواعد	
LC Ussance امتداد	
لوس MRC الجمهوري القواعد	
LMS مرفق تعديل الموافقة	
التعرض كبيرة التقرير	
Lc إلغاء الموافقة	
Lc تحسين الموافقة	
Lk Ã‰مهمة تمديد الموافقة	
Lc Ussance تمديد الموافقة	
الكتاب نوع الحساب	
رسالة من GÃ©nÃ©التموينية الانتهاء e	
رسالة من GÃ©nÃ©التموينية الطلب	
رسالة من GÃ©nÃ©التموينية من طلب الموافقة	
الرسالة GÃ©nÃ©التموينية البحث	
رسالة من الائتمان	
رسالة من الموافقات الائتمانية	
المستوى	
PrivilÃge	
PrivilÃge إدارة	
الحد الصيانة	
المعاملات عبر الإنترنت	
مركز التقاضي	
قائمة Ã©crits جاهزة	
تطبيق جاهز إلغاء	
تصنيف القروض	
تصنيف القروض التقرير	
جاهزة تعديل الحقوق	
العمولات على القروض تنازلات	
استعداد BarÃme رسوم	
على استعداد رد AnticipÃ©	
على استعداد رد AnticipÃ© انعكاس	
استرداد القروض الدفع	
سداد جاهزة	
سجلات الهاتف© جاهزة	
حالة استعداد التقرير	
على استعداد الجمهوري إنهاء	
الحكومة المحلية	
الموقع	
Ã‰تات التسجيل	
خريطة	
الرئيسية	
صيانة	
دليل أرشفة البيانات	
دليل المسؤول	
دليل الموافقة على النفقات	
على MaturitÃ© البيان	
المكتب الأوسط	
على MaturitÃ© التقرير	
تعديل المرافق	
رصد	
بلدي المخصصة© المستردة	
العديد من DÃƑÂ©النقدية	
القروض المتعثرة	
خط سير الرحلة©الرحلة	
عملية©الرشيد تدفق الصفحة	
الموافقة على الوثيقة الأصلية	
الوثيقة الأصلية البحث	
الوثيقة الأصلية من العرض	
الخلاف خارج المحكمة	
العملية©التموينية DÃƑÂ©ستار	
محل	
تسليط الضوء على تقرير	
محل طلب	
جاهزة على تخصيص راتب	
في وقت لاحق© الصفقة	
Power BI	
Ã‰التقييم الأولي ملاحظة	
Ã‰التقييم الأولي الملاحظات	
مؤشر أسعار Ã€	
رد anticipÃ©	
عملية	
المنتج	
المنتج الخرائط الوثيقة	
تعريف النشاط	
إعدادات الملف الشخصي	
معايير المشروع	
موقع المشروع التقرير	
موقع المشروع	الموافقة على تقرير
RAC	
الحصيفة التوجيهية	
معدل استعراض	
Reasigned حسابات	
الجمهوري تعيين الحساب	
الجمهوري الانتعاش©التموينية	
وكالات جمع	
وكيل الجمهوري الانتعاش©التموينية الأداء	
الجمهوري الانتعاش©التموينية الوكيل Ã€ يوم	
الجمهوري الانتعاش©التموينية تخصيص	
الجمهوري الانتعاش©التموينية مجموعات التقرير	
لجنة الجمهوري الانتعاش©التموينية	
معاملات الجمهوري الانتعاش©التموينية	
الجمهوري الانتعاش©التموينية خطة الدفع	
الجمهوري الانتعاش©التموينية التقارير	
الوثيقة دي RÃ©fÃ©rence	
تحديث تنفيذ وجود المراقبة	
RÃ©gion	
الجمهوري القواعد	
الجمهوري قواعد التثبيت	
تطبيقات RejetÃ©es	
صاحب العمل	
العمليات المتعلقة€ الوثائق	
إبلاغ PrivilÃge	
الإصدار PrivilÃge الموافقة	
نسخة من وثيقة الشحن	
على MainlevÃ©e الشحن من الموافقة على الوثائق	
الإغاثة	
اللحاق بالركب الأصول التقارير	
اللحاق بالركب مجموعات	
جدول السداد	
جدول السداد المحاكاة	
تقرير الداخلية لجمع التبرعات	
التقارير	
دا©ذيل مجموعة من التقارير	
مجموعات في متجر	
دا©ذيل دي RÃ©الانتعاش©التموينية Unassignment	
فإن التصديق من كامل & اللوائح النهائية	
استعراض خطاب العرض	
خطر	
فإن Ã‰تقييم المخاطر	
مخاطر الأصول من قبل المعايير الدولية تقرير التصنيف	
مخاطر الأصول حسب تصنيف القروض المتعثرة	
مخاطر الأصول من قبل Ã‰عربة	
نشط خطر احسب تقرير الجهاز©	
نشط خطر احسب تقرير الخبرة المشتركة الفريق	
مخاطر الأصول تقرير الجهاز©	
مخاطر الأصول Ã‰ممكن التقرير الرئيسي	
خطر RA©القسم النشط	من خلال تقرير القطاع
مخاطر الأصول الرئيسية التقرير	
نشط المخاطر الأولية Report_1	
مخاطر الأصول تقرير فريق	
الأصول في خطر التقرير	
تحمل	
التوجيه	
القاعدة	
Runining تقرير جاهز	
تنفيذ المنشآت	
جيش تحرير السودان الرصد	
عقوبة الحد التقرير	
©Fã عرض إضافة الرصيد بالعملة الأجنبية الائتمان	
تصنيف	
الحد القطاع	
Mise Ã€ يوم من السلامة	
Mise Ã€ يوم من الموافقة على سلامة	
Mise Ã€ يوم من بحوث السلامة	
السيارات التصفية جاهزة	
برنامج التثبيت	
التوقيع إدارة	
موظفي تغيير PrivilÃges	
الموظفين الشخصية دور الأنشطة	
موظفي الطوارئ موافقة	
الموظفين دور الشخصية من المجموعة	
الموظفين/المشرف التقارير	
موظفي الادارة المستخدم	
مجموعة جلد© Ã€ الكمال بالنسبة CollatÃ©raux	
دا©تطبيق جزء من الائتمان	
Ã‰تات	
الأنواع الفرعية	
دون تخصيص	
تقديم الوثيقة الأصلية	
نظام المراجعة	
الضرائب	
TÃ©ولا تمديد	
على استعداد يورو الأجل المعاملات	
ورقة	
تقرير ميزان المراجعة	
نوع	
دوران ميثاق	
أنواع	
أقساط التأمين غير المكتسبة و تلقي مصالح التقرير	
ImpayÃ©s الالتزام التقرير	
وحدة	
غير المستخدمة إلى سهولة التقرير	
Mise Ã€ يوم من منظور المعلومات	
المستخدم	
إدارة حساب مستخدم	
الدولة من حساب المستخدم	
المشرف المستخدم	
المستخدم حذف	
دور المستخدم	
مجموعة المستخدم تغيير	
المستخدمين	
صالح CollatÃ©raux	
نظر Ã‰tats المالية	
عرض قائمة VÃ©rification	
على dãƒâ©rogations	
التقرير الأسبوعي الجمهوري الانتعاش©التموينية FINCON	
سير العمل	
تغيير سير العمل	
تعريف سير العمل	
سير عمل الموافقة المجموعة	
سير عمل الموافقة مستوى	
سير العمل على مستوى الموظفين	
سير العمل جيش تحرير السودان	
شطب الحسابات / أسود-كتاب	
شطب الحسابات/أسود-كتاب	
_LABEL_	
